Ligand,Binding Affinity,rmsd/ub, rmsd/lb
GDK6EN_dios_pdb_uff_E=720.66,-8,0,0
GDK6EN_dios_pdb_uff_E=720.66,-7.9,33.52,29.027
GDK6EN_dios_pdb_uff_E=720.66,-7.5,27.592,21.385
GDK6EN_dios_pdb_uff_E=720.66,-7.5,33.632,29.942
GDK6EN_dios_pdb_uff_E=720.66,-7.4,19.29,15.266
GDK6EN_dios_pdb_uff_E=720.66,-7.4,34.788,29.686
GDK6EN_dios_pdb_uff_E=720.66,-7.4,13.465,8.467
GDK6EN_dios_pdb_uff_E=720.66,-7.4,10.267,4.161
GDK6EN_dios_pdb_uff_E=720.66,-7.3,15.9,10.798
GDK6EN_hisperitin_pdb_uff_E=283.48,-6.6,0,0
GDK6EN_hisperitin_pdb_uff_E=283.48,-6.1,10.27,7.801
GDK6EN_hisperitin_pdb_uff_E=283.48,-5.7,32.749,31.221
GDK6EN_hisperitin_pdb_uff_E=283.48,-5.7,8.519,5.443
GDK6EN_hisperitin_pdb_uff_E=283.48,-5.7,40.477,38.758
GDK6EN_hisperitin_pdb_uff_E=283.48,-5.7,4.467,2.561
GDK6EN_hisperitin_pdb_uff_E=283.48,-5.6,33.712,31.463
GDK6EN_hisperitin_pdb_uff_E=283.48,-5.6,42.877,40.394
GDK6EN_hisperitin_pdb_uff_E=283.48,-5.5,10.232,8.048
GDK6EN_hisperidin_pdb_uff_E=589.73,-7.7,0,0
GDK6EN_hisperidin_pdb_uff_E=589.73,-7.2,2.561,1.64
GDK6EN_hisperidin_pdb_uff_E=589.73,-7.1,9.389,5.061
GDK6EN_hisperidin_pdb_uff_E=589.73,-7,29.819,26.031
GDK6EN_hisperidin_pdb_uff_E=589.73,-6.9,20.049,15.165
GDK6EN_hisperidin_pdb_uff_E=589.73,-6.9,22.376,15.883
GDK6EN_hisperidin_pdb_uff_E=589.73,-6.8,15.794,11.528
GDK6EN_hisperidin_pdb_uff_E=589.73,-6.7,20.53,15.819
GDK6EN_hisperidin_pdb_uff_E=589.73,-6.7,18.68,14.448
GDK6EN_naringin_pdb_uff_E=195.89,-6.4,0,0
GDK6EN_naringin_pdb_uff_E=195.89,-6.1,30.94,29.7
GDK6EN_naringin_pdb_uff_E=195.89,-5.8,23.221,22.406
GDK6EN_naringin_pdb_uff_E=195.89,-5.7,18.088,15.864
GDK6EN_naringin_pdb_uff_E=195.89,-5.7,15.242,12.533
GDK6EN_naringin_pdb_uff_E=195.89,-5.6,14.259,12.338
GDK6EN_naringin_pdb_uff_E=195.89,-5.6,30.929,30.096
GDK6EN_naringin_pdb_uff_E=195.89,-5.5,4.569,2.42
GDK6EN_naringin_pdb_uff_E=195.89,-5.5,34.094,29.53
GDK6EN_quercitin_pdb_uff_E=380.21,-6.3,0,0
GDK6EN_quercitin_pdb_uff_E=380.21,-6.1,14.392,11.226
GDK6EN_quercitin_pdb_uff_E=380.21,-6,29.493,25.785
GDK6EN_quercitin_pdb_uff_E=380.21,-5.8,13.86,12.648
GDK6EN_quercitin_pdb_uff_E=380.21,-5.8,37.064,33.468
GDK6EN_quercitin_pdb_uff_E=380.21,-5.7,9.397,6.786
GDK6EN_quercitin_pdb_uff_E=380.21,-5.6,8.419,6.027
GDK6EN_quercitin_pdb_uff_E=380.21,-5.3,35.554,34.404
GDK6EN_quercitin_pdb_uff_E=380.21,-5.3,9.25,8.566
GDK6EN_tangeretin_pdb_uff_E=556.85,-6.1,0,0
GDK6EN_tangeretin_pdb_uff_E=556.85,-5.6,10.211,3.603
GDK6EN_tangeretin_pdb_uff_E=556.85,-5.2,7.027,3.242
GDK6EN_tangeretin_pdb_uff_E=556.85,-5.2,36.226,33.516
GDK6EN_tangeretin_pdb_uff_E=556.85,-5.1,31.348,30.382
GDK6EN_tangeretin_pdb_uff_E=556.85,-5.1,11.089,5.937
GDK6EN_tangeretin_pdb_uff_E=556.85,-5,25.153,22.23
GDK6EN_tangeretin_pdb_uff_E=556.85,-5,7.449,5.08
GDK6EN_tangeretin_pdb_uff_E=556.85,-5,11.112,6.187
Protein_apigenin_uff_E=189.81,-6.6,0,0
Protein_apigenin_uff_E=189.81,-6.2,31.008,30.138
Protein_apigenin_uff_E=189.81,-6.2,29.757,29.043
Protein_apigenin_uff_E=189.81,-6,31.947,31.275
Protein_apigenin_uff_E=189.81,-5.9,31.29,30.517
Protein_apigenin_uff_E=189.81,-5.9,40.36,38.868
Protein_apigenin_uff_E=189.81,-5.8,32.301,31.162
Protein_apigenin_uff_E=189.81,-5.7,33.088,31.94
Protein_apigenin_uff_E=189.81,-5.7,34.433,32.948
Protein_apigenin_uff_E=189.89,-6.4,0,0
Protein_apigenin_uff_E=189.89,-6.2,3.748,2.481
Protein_apigenin_uff_E=189.89,-6.2,5.537,3.88
Protein_apigenin_uff_E=189.89,-6.1,31.269,28.582
Protein_apigenin_uff_E=189.89,-5.9,7.25,1.924
Protein_apigenin_uff_E=189.89,-5.9,41.353,40.05
Protein_apigenin_uff_E=189.89,-5.9,28.616,25.643
Protein_apigenin_uff_E=189.89,-5.7,35.829,33.696
Protein_apigenin_uff_E=189.89,-5.7,8.078,2.749
Protein_chrysoeriol_uff_E=581.79,-6.6,0,0
Protein_chrysoeriol_uff_E=581.79,-6.6,7.355,4.432
Protein_chrysoeriol_uff_E=581.79,-6.5,5.293,2.955
Protein_chrysoeriol_uff_E=581.79,-6.5,7.011,2.429
Protein_chrysoeriol_uff_E=581.79,-6.3,7.102,2.683
Protein_chrysoeriol_uff_E=581.79,-6.3,5.477,2.706
Protein_chrysoeriol_uff_E=581.79,-5.9,6.849,1.696
Protein_chrysoeriol_uff_E=581.79,-5.8,5.966,4.236
Protein_chrysoeriol_uff_E=581.79,-5.7,37.062,34.842
Protein_diosmetin_uff_E=419.81,-7.3,0,0
Protein_diosmetin_uff_E=419.81,-6.9,39.983,38.301
Protein_diosmetin_uff_E=419.81,-6.7,6.993,3.554
Protein_diosmetin_uff_E=419.81,-6.5,10.065,4.924
Protein_diosmetin_uff_E=419.81,-6.5,11.64,7.857
Protein_diosmetin_uff_E=419.81,-6.3,10.065,5.391
Protein_diosmetin_uff_E=419.81,-6.2,7.026,1.989
Protein_diosmetin_uff_E=419.81,-6.1,24.989,20.603
Protein_diosmetin_uff_E=419.81,-5.9,8.59,4.933
Protein_luteolin_uff_E=196.15,-6.5,0,0
Protein_luteolin_uff_E=196.15,-6.5,32.913,29.088
Protein_luteolin_uff_E=196.15,-6.1,43.583,42.019
Protein_luteolin_uff_E=196.15,-6,31.726,28.485
Protein_luteolin_uff_E=196.15,-5.9,30.998,27.971
Protein_luteolin_uff_E=196.15,-5.8,34.826,32.437
Protein_luteolin_uff_E=196.15,-5.8,30.863,27.207
Protein_luteolin_uff_E=196.15,-5.5,17.26,13.952
Protein_luteolin_uff_E=196.15,-5.5,33.717,30.534
Protein_neodiosmin_uff_E=360.48,-6.5,0,0
Protein_neodiosmin_uff_E=360.48,-6.4,8.366,1.533
Protein_neodiosmin_uff_E=360.48,-6,8.692,3.517
Protein_neodiosmin_uff_E=360.48,-5.6,8.841,4.575
Protein_neodiosmin_uff_E=360.48,-5.5,33.184,30.579
Protein_neodiosmin_uff_E=360.48,-5.5,33.696,31.301
Protein_neodiosmin_uff_E=360.48,-5.4,6.23,2.971
Protein_neodiosmin_uff_E=360.48,-5.4,31.188,28.462
Protein_neodiosmin_uff_E=360.48,-5.4,33.447,30.745
Protein_nobiletin_uff_E=554.43,-6,0,0
Protein_nobiletin_uff_E=554.43,-5.5,17.579,12.687
Protein_nobiletin_uff_E=554.43,-5.4,38.186,34.444
Protein_nobiletin_uff_E=554.43,-5.3,37.096,32.78
Protein_nobiletin_uff_E=554.43,-5.3,35.638,32.564
Protein_nobiletin_uff_E=554.43,-5.2,36.4,32.622
Protein_nobiletin_uff_E=554.43,-5.2,35.678,31.281
Protein_nobiletin_uff_E=554.43,-5.1,37.118,32.813
Protein_nobiletin_uff_E=554.43,-5,35.161,31.66
Protein_sinensetin_uff_E=360.48,-6,0,0
Protein_sinensetin_uff_E=360.48,-5.6,16.58,11.102
Protein_sinensetin_uff_E=360.48,-5.4,37.003,32.362
Protein_sinensetin_uff_E=360.48,-5.4,7.748,2.085
Protein_sinensetin_uff_E=360.48,-5.2,37.719,34.192
Protein_sinensetin_uff_E=360.48,-5.2,12.094,4.948
Protein_sinensetin_uff_E=360.48,-5.2,37.069,32.537
Protein_sinensetin_uff_E=360.48,-5.2,8.24,3.37
Protein_sinensetin_uff_E=360.48,-5.2,37.262,32.692
Protein_Naringenin_uff_E=221.31,-6.3,0,0
Protein_Naringenin_uff_E=221.31,-6.2,6.877,1.92
Protein_Naringenin_uff_E=221.31,-6.1,3.992,2.321
Protein_Naringenin_uff_E=221.31,-6,7.162,3.074
Protein_Naringenin_uff_E=221.31,-5.9,30.273,27.445
Protein_Naringenin_uff_E=221.31,-5.8,41.538,40.248
Protein_Naringenin_uff_E=221.31,-5.6,37.66,36.149
Protein_Naringenin_uff_E=221.31,-5.5,43.831,41.857
Protein_Naringenin_uff_E=221.31,-5.3,10.994,9.675
